,classifier,T0,T1,T2,T3,T4,T5,T6,T7,T8,T9
accuracy,0.8433821271368614,0.8056095813286928,0.8310983724024977,0.8267990582454704,0.8364213327873887,0.8328385709898659,0.8377520728836114,0.8360118742962432,0.8419490224178524,0.8386733544886887,0.8433821271368614
f1,0.6464879852125692,0.6067508800993994,0.5829120323559152,0.6356589147286822,0.6132623426911907,0.6444589592858698,0.6266195524146054,0.6500655307994757,0.6414305620065025,0.6560453950240069,0.6464879852125692
statistical_parity_difference,-0.17540381735176938,-0.18312715823944373,-0.1323792936260354,-0.19182733724674517,-0.15883638721285526,-0.18911377704838006,-0.16779579401482975,-0.19283139523159087,-0.17018905924264016,-0.1962179251759516,-0.17540381735176938
equal_opportunity_difference,-0.15187135187135187,-0.10435890435890438,-0.10309790309790312,-0.12225602225602228,-0.13227383227383233,-0.13045383045383052,-0.1421200421200421,-0.13755573755573758,-0.14596024596024598,-0.1574548574548575,-0.15187135187135187
average_abs_odds_difference,0.1112017267497097,0.1001974602965715,0.07465325436517714,0.10928223329932507,0.09835595143183506,0.10989622465261824,0.10564167364607582,0.11434394652513599,0.10637655850598662,0.12365368739172611,0.1112017267497097
disparate_impact,-1.1463554088026418,-0.8889805992076563,-1.0395176088738134,-1.0512563637303893,-1.1580852983935772,-1.06388217970138,-1.1451390368052052,-1.1040325648359997,-1.115729685840649,-1.1289292558459403,-1.1463554088026418
theil_index,0.1269904161693717,0.13189097446592185,0.1515452945589198,0.1253732854537907,0.14024748302143608,0.12332783710160244,0.13455469700243855,0.12172940281260697,0.12894696081306448,0.1196783582732962,0.1269904161693717
