,classifier,T0,T1,T2,T3,T4,T5,T6,T7,T8,T9,T10,T11,T12,T13,T14
accuracy,0.8489335838214167,0.8507017349983423,0.8504807161012267,0.8499281688584374,0.8489335838214167,0.8484915460271854,0.848712564924301,0.8486020554757432,0.8486020554757432,0.8484915460271854,0.8486020554757432,0.8484915460271854,0.8484915460271854,0.8484915460271854,0.8490440932699745,0.8489335838214167
f1,0.6320323014804845,0.6402130492676431,0.6381385397165018,0.6349462365591398,0.6322302932472424,0.6311541565778854,0.6314939434724091,0.6315223238300162,0.6311254711900915,0.6311541565778854,0.6313240043057051,0.6305578011317704,0.630358587220275,0.6301591583490693,0.632400430570506,0.6320323014804845
statistical_parity_difference,-0.18157834956897198,-0.168037388160712,-0.17445895861231248,-0.1763675787839017,-0.17788574383366945,-0.18140389444270724,-0.1800705707365272,-0.18106537040750073,-0.18091168771588198,-0.18190648738685547,-0.18174241847791373,-0.18192725982150149,-0.18159912200361794,-0.1807683912415862,-0.1812398255337655,-0.18157834956897198
equal_opportunity_difference,-0.24790763591710868,-0.17225476754331293,-0.20227494102603166,-0.22725866836548625,-0.23107177974434612,-0.2473859875081364,-0.24391448659178933,-0.24443613500076172,-0.246864339099164,-0.2473859875081364,-0.2473859875081364,-0.25276404411391323,-0.25224239570494084,-0.24824924637962154,-0.244957783409734,-0.24790763591710868
average_abs_odds_difference,0.15495225555437403,0.11420960815193484,0.13086900608997498,0.14283402743621415,0.1457213647304629,0.15473957573177716,0.15245359722849436,0.15326464947808982,0.15423940255649154,0.155050454806087,0.1549307803206873,0.1573804596527763,0.15699996096289037,0.15488371181483102,0.1534773293006867,0.15495225555437403
disparate_impact,-1.734164813895798,-1.4356718253398015,-1.5606030055525013,-1.629687911819305,-1.6624383064917096,-1.726250522105528,-1.7061776799919668,-1.7176667784141366,-1.7240175476012158,-1.7356518030173762,-1.7349085848486425,-1.7502199199952397,-1.7487284954085696,-1.737676549883401,-1.7255067511526836,-1.734164813895798
theil_index,0.14007722107457743,0.13701687374295546,0.13787174976902117,0.13910671168735964,0.13999123790173768,0.14032714639728405,0.14024521602866363,0.1402001407767387,0.14037222923470524,0.14032714639728405,0.14028619351749516,0.1405852890460893,0.14067130247066295,0.14075729878825174,0.13995024432056802,0.14007722107457743
